--
-- PostgreSQL database dump
--

-- Dumped from database version 14.9 (Homebrew)
-- Dumped by pg_dump version 14.9 (Homebrew)

SET statement_timeout = 0;
SET lock_timeout = 0;
SET idle_in_transaction_session_timeout = 0;
SET client_encoding = 'UTF8';
SET standard_conforming_strings = on;
SELECT pg_catalog.set_config('search_path', '', false);
SET check_function_bodies = false;
SET xmloption = content;
SET client_min_messages = warning;
SET row_security = off;

SET default_tablespace = '';

SET default_table_access_method = heap;

--
-- Name: auth_group; Type: TABLE; Schema: public; Owner: kirill
--

CREATE TABLE public.auth_group (
    id integer NOT NULL,
    name character varying(150) NOT NULL
);


ALTER TABLE public.auth_group OWNER TO kirill;

--
-- Name: auth_group_id_seq; Type: SEQUENCE; Schema: public; Owner: kirill
--

ALTER TABLE public.auth_group ALTER COLUMN id ADD GENERATED BY DEFAULT AS IDENTITY (
    SEQUENCE NAME public.auth_group_id_seq
    START WITH 1
    INCREMENT BY 1
    NO MINVALUE
    NO MAXVALUE
    CACHE 1
);


--
-- Name: auth_group_permissions; Type: TABLE; Schema: public; Owner: kirill
--

CREATE TABLE public.auth_group_permissions (
    id bigint NOT NULL,
    group_id integer NOT NULL,
    permission_id integer NOT NULL
);


ALTER TABLE public.auth_group_permissions OWNER TO kirill;

--
-- Name: auth_group_permissions_id_seq; Type: SEQUENCE; Schema: public; Owner: kirill
--

ALTER TABLE public.auth_group_permissions ALTER COLUMN id ADD GENERATED BY DEFAULT AS IDENTITY (
    SEQUENCE NAME public.auth_group_permissions_id_seq
    START WITH 1
    INCREMENT BY 1
    NO MINVALUE
    NO MAXVALUE
    CACHE 1
);


--
-- Name: auth_permission; Type: TABLE; Schema: public; Owner: kirill
--

CREATE TABLE public.auth_permission (
    id integer NOT NULL,
    name character varying(255) NOT NULL,
    content_type_id integer NOT NULL,
    codename character varying(100) NOT NULL
);


ALTER TABLE public.auth_permission OWNER TO kirill;

--
-- Name: auth_permission_id_seq; Type: SEQUENCE; Schema: public; Owner: kirill
--

ALTER TABLE public.auth_permission ALTER COLUMN id ADD GENERATED BY DEFAULT AS IDENTITY (
    SEQUENCE NAME public.auth_permission_id_seq
    START WITH 1
    INCREMENT BY 1
    NO MINVALUE
    NO MAXVALUE
    CACHE 1
);


--
-- Name: auth_user; Type: TABLE; Schema: public; Owner: kirill
--

CREATE TABLE public.auth_user (
    id integer NOT NULL,
    password character varying(128) NOT NULL,
    last_login timestamp with time zone,
    is_superuser boolean NOT NULL,
    username character varying(150) NOT NULL,
    first_name character varying(150) NOT NULL,
    last_name character varying(150) NOT NULL,
    email character varying(254) NOT NULL,
    is_staff boolean NOT NULL,
    is_active boolean NOT NULL,
    date_joined timestamp with time zone NOT NULL
);


ALTER TABLE public.auth_user OWNER TO kirill;

--
-- Name: auth_user_groups; Type: TABLE; Schema: public; Owner: kirill
--

CREATE TABLE public.auth_user_groups (
    id bigint NOT NULL,
    user_id integer NOT NULL,
    group_id integer NOT NULL
);


ALTER TABLE public.auth_user_groups OWNER TO kirill;

--
-- Name: auth_user_groups_id_seq; Type: SEQUENCE; Schema: public; Owner: kirill
--

ALTER TABLE public.auth_user_groups ALTER COLUMN id ADD GENERATED BY DEFAULT AS IDENTITY (
    SEQUENCE NAME public.auth_user_groups_id_seq
    START WITH 1
    INCREMENT BY 1
    NO MINVALUE
    NO MAXVALUE
    CACHE 1
);


--
-- Name: auth_user_id_seq; Type: SEQUENCE; Schema: public; Owner: kirill
--

ALTER TABLE public.auth_user ALTER COLUMN id ADD GENERATED BY DEFAULT AS IDENTITY (
    SEQUENCE NAME public.auth_user_id_seq
    START WITH 1
    INCREMENT BY 1
    NO MINVALUE
    NO MAXVALUE
    CACHE 1
);


--
-- Name: auth_user_user_permissions; Type: TABLE; Schema: public; Owner: kirill
--

CREATE TABLE public.auth_user_user_permissions (
    id bigint NOT NULL,
    user_id integer NOT NULL,
    permission_id integer NOT NULL
);


ALTER TABLE public.auth_user_user_permissions OWNER TO kirill;

--
-- Name: auth_user_user_permissions_id_seq; Type: SEQUENCE; Schema: public; Owner: kirill
--

ALTER TABLE public.auth_user_user_permissions ALTER COLUMN id ADD GENERATED BY DEFAULT AS IDENTITY (
    SEQUENCE NAME public.auth_user_user_permissions_id_seq
    START WITH 1
    INCREMENT BY 1
    NO MINVALUE
    NO MAXVALUE
    CACHE 1
);


--
-- Name: django_admin_log; Type: TABLE; Schema: public; Owner: kirill
--

CREATE TABLE public.django_admin_log (
    id integer NOT NULL,
    action_time timestamp with time zone NOT NULL,
    object_id text,
    object_repr character varying(200) NOT NULL,
    action_flag smallint NOT NULL,
    change_message text NOT NULL,
    content_type_id integer,
    user_id integer NOT NULL,
    CONSTRAINT django_admin_log_action_flag_check CHECK ((action_flag >= 0))
);


ALTER TABLE public.django_admin_log OWNER TO kirill;

--
-- Name: django_admin_log_id_seq; Type: SEQUENCE; Schema: public; Owner: kirill
--

ALTER TABLE public.django_admin_log ALTER COLUMN id ADD GENERATED BY DEFAULT AS IDENTITY (
    SEQUENCE NAME public.django_admin_log_id_seq
    START WITH 1
    INCREMENT BY 1
    NO MINVALUE
    NO MAXVALUE
    CACHE 1
);


--
-- Name: django_content_type; Type: TABLE; Schema: public; Owner: kirill
--

CREATE TABLE public.django_content_type (
    id integer NOT NULL,
    app_label character varying(100) NOT NULL,
    model character varying(100) NOT NULL
);


ALTER TABLE public.django_content_type OWNER TO kirill;

--
-- Name: django_content_type_id_seq; Type: SEQUENCE; Schema: public; Owner: kirill
--

ALTER TABLE public.django_content_type ALTER COLUMN id ADD GENERATED BY DEFAULT AS IDENTITY (
    SEQUENCE NAME public.django_content_type_id_seq
    START WITH 1
    INCREMENT BY 1
    NO MINVALUE
    NO MAXVALUE
    CACHE 1
);


--
-- Name: django_migrations; Type: TABLE; Schema: public; Owner: kirill
--

CREATE TABLE public.django_migrations (
    id bigint NOT NULL,
    app character varying(255) NOT NULL,
    name character varying(255) NOT NULL,
    applied timestamp with time zone NOT NULL
);


ALTER TABLE public.django_migrations OWNER TO kirill;

--
-- Name: django_migrations_id_seq; Type: SEQUENCE; Schema: public; Owner: kirill
--

ALTER TABLE public.django_migrations ALTER COLUMN id ADD GENERATED BY DEFAULT AS IDENTITY (
    SEQUENCE NAME public.django_migrations_id_seq
    START WITH 1
    INCREMENT BY 1
    NO MINVALUE
    NO MAXVALUE
    CACHE 1
);


--
-- Name: django_session; Type: TABLE; Schema: public; Owner: kirill
--

CREATE TABLE public.django_session (
    session_key character varying(40) NOT NULL,
    session_data text NOT NULL,
    expire_date timestamp with time zone NOT NULL
);


ALTER TABLE public.django_session OWNER TO kirill;

--
-- Name: review_car; Type: TABLE; Schema: public; Owner: kirill
--

CREATE TABLE public.review_car (
    id bigint NOT NULL,
    name character varying(100) NOT NULL,
    start_year integer NOT NULL,
    end_year integer NOT NULL,
    manufacturer_id bigint
);


ALTER TABLE public.review_car OWNER TO kirill;

--
-- Name: review_car_id_seq; Type: SEQUENCE; Schema: public; Owner: kirill
--

ALTER TABLE public.review_car ALTER COLUMN id ADD GENERATED BY DEFAULT AS IDENTITY (
    SEQUENCE NAME public.review_car_id_seq
    START WITH 1
    INCREMENT BY 1
    NO MINVALUE
    NO MAXVALUE
    CACHE 1
);


--
-- Name: review_comment; Type: TABLE; Schema: public; Owner: kirill
--

CREATE TABLE public.review_comment (
    id bigint NOT NULL,
    email character varying(80) NOT NULL,
    creation_date timestamp with time zone NOT NULL,
    comment text NOT NULL,
    car_id bigint NOT NULL
);


ALTER TABLE public.review_comment OWNER TO kirill;

--
-- Name: review_comment_id_seq; Type: SEQUENCE; Schema: public; Owner: kirill
--

ALTER TABLE public.review_comment ALTER COLUMN id ADD GENERATED BY DEFAULT AS IDENTITY (
    SEQUENCE NAME public.review_comment_id_seq
    START WITH 1
    INCREMENT BY 1
    NO MINVALUE
    NO MAXVALUE
    CACHE 1
);


--
-- Name: review_country; Type: TABLE; Schema: public; Owner: kirill
--

CREATE TABLE public.review_country (
    id bigint NOT NULL,
    name character varying(100) NOT NULL
);


ALTER TABLE public.review_country OWNER TO kirill;

--
-- Name: review_country_id_seq; Type: SEQUENCE; Schema: public; Owner: kirill
--

ALTER TABLE public.review_country ALTER COLUMN id ADD GENERATED BY DEFAULT AS IDENTITY (
    SEQUENCE NAME public.review_country_id_seq
    START WITH 1
    INCREMENT BY 1
    NO MINVALUE
    NO MAXVALUE
    CACHE 1
);


--
-- Name: review_manufacturer; Type: TABLE; Schema: public; Owner: kirill
--

CREATE TABLE public.review_manufacturer (
    id bigint NOT NULL,
    name character varying(100) NOT NULL,
    country_id bigint
);


ALTER TABLE public.review_manufacturer OWNER TO kirill;

--
-- Name: review_manufacturer_id_seq; Type: SEQUENCE; Schema: public; Owner: kirill
--

ALTER TABLE public.review_manufacturer ALTER COLUMN id ADD GENERATED BY DEFAULT AS IDENTITY (
    SEQUENCE NAME public.review_manufacturer_id_seq
    START WITH 1
    INCREMENT BY 1
    NO MINVALUE
    NO MAXVALUE
    CACHE 1
);


--
-- Data for Name: auth_group; Type: TABLE DATA; Schema: public; Owner: kirill
--

COPY public.auth_group (id, name) FROM stdin;
\.


--
-- Data for Name: auth_group_permissions; Type: TABLE DATA; Schema: public; Owner: kirill
--

COPY public.auth_group_permissions (id, group_id, permission_id) FROM stdin;
\.


--
-- Data for Name: auth_permission; Type: TABLE DATA; Schema: public; Owner: kirill
--

COPY public.auth_permission (id, name, content_type_id, codename) FROM stdin;
1	Can add car	1	add_car
2	Can change car	1	change_car
3	Can delete car	1	delete_car
4	Can view car	1	view_car
5	Can add country	2	add_country
6	Can change country	2	change_country
7	Can delete country	2	delete_country
8	Can view country	2	view_country
9	Can add manufacturer	3	add_manufacturer
10	Can change manufacturer	3	change_manufacturer
11	Can delete manufacturer	3	delete_manufacturer
12	Can view manufacturer	3	view_manufacturer
13	Can add comment	4	add_comment
14	Can change comment	4	change_comment
15	Can delete comment	4	delete_comment
16	Can view comment	4	view_comment
17	Can add log entry	5	add_logentry
18	Can change log entry	5	change_logentry
19	Can delete log entry	5	delete_logentry
20	Can view log entry	5	view_logentry
21	Can add permission	6	add_permission
22	Can change permission	6	change_permission
23	Can delete permission	6	delete_permission
24	Can view permission	6	view_permission
25	Can add group	7	add_group
26	Can change group	7	change_group
27	Can delete group	7	delete_group
28	Can view group	7	view_group
29	Can add user	8	add_user
30	Can change user	8	change_user
31	Can delete user	8	delete_user
32	Can view user	8	view_user
33	Can add content type	9	add_contenttype
34	Can change content type	9	change_contenttype
35	Can delete content type	9	delete_contenttype
36	Can view content type	9	view_contenttype
37	Can add session	10	add_session
38	Can change session	10	change_session
39	Can delete session	10	delete_session
40	Can view session	10	view_session
\.


--
-- Data for Name: auth_user; Type: TABLE DATA; Schema: public; Owner: kirill
--

COPY public.auth_user (id, password, last_login, is_superuser, username, first_name, last_name, email, is_staff, is_active, date_joined) FROM stdin;
1	pbkdf2_sha256$600000$RfXYI0XhATpz2cfs0lOjK7$7ks8fJFFtzwJvkRgcfmYX3IGsSnnK1B1Sf0/CVl+r7E=	2023-10-15 15:58:13.785977+03	t	kirill				t	t	2023-10-15 15:58:00.35539+03
\.


--
-- Data for Name: auth_user_groups; Type: TABLE DATA; Schema: public; Owner: kirill
--

COPY public.auth_user_groups (id, user_id, group_id) FROM stdin;
\.


--
-- Data for Name: auth_user_user_permissions; Type: TABLE DATA; Schema: public; Owner: kirill
--

COPY public.auth_user_user_permissions (id, user_id, permission_id) FROM stdin;
\.


--
-- Data for Name: django_admin_log; Type: TABLE DATA; Schema: public; Owner: kirill
--

COPY public.django_admin_log (id, action_time, object_id, object_repr, action_flag, change_message, content_type_id, user_id) FROM stdin;
1	2023-10-15 15:58:26.692742+03	1	Country object (1)	1	[{"added": {}}]	2	1
2	2023-10-15 15:58:39.754983+03	1	Manufacturer object (1)	1	[{"added": {}}]	3	1
3	2023-10-15 15:59:11.470241+03	1	Car object (1)	1	[{"added": {}}]	1	1
4	2023-10-15 15:59:32.077295+03	2	Car object (2)	1	[{"added": {}}]	1	1
5	2023-10-15 16:00:02.361896+03	1	Comment object (1)	1	[{"added": {}}]	4	1
6	2023-10-15 16:00:43.252966+03	2	Comment object (2)	1	[{"added": {}}]	4	1
7	2023-10-15 16:01:23.968201+03	3	Comment object (3)	1	[{"added": {}}]	4	1
\.


--
-- Data for Name: django_content_type; Type: TABLE DATA; Schema: public; Owner: kirill
--

COPY public.django_content_type (id, app_label, model) FROM stdin;
1	review	car
2	review	country
3	review	manufacturer
4	review	comment
5	admin	logentry
6	auth	permission
7	auth	group
8	auth	user
9	contenttypes	contenttype
10	sessions	session
\.


--
-- Data for Name: django_migrations; Type: TABLE DATA; Schema: public; Owner: kirill
--

COPY public.django_migrations (id, app, name, applied) FROM stdin;
1	contenttypes	0001_initial	2023-10-15 15:53:51.523047+03
2	auth	0001_initial	2023-10-15 15:53:51.597439+03
3	admin	0001_initial	2023-10-15 15:53:51.617735+03
4	admin	0002_logentry_remove_auto_add	2023-10-15 15:53:51.632371+03
5	admin	0003_logentry_add_action_flag_choices	2023-10-15 15:53:51.64529+03
6	contenttypes	0002_remove_content_type_name	2023-10-15 15:53:51.668998+03
7	auth	0002_alter_permission_name_max_length	2023-10-15 15:53:51.683853+03
8	auth	0003_alter_user_email_max_length	2023-10-15 15:53:51.702098+03
9	auth	0004_alter_user_username_opts	2023-10-15 15:53:51.721205+03
10	auth	0005_alter_user_last_login_null	2023-10-15 15:53:51.75599+03
11	auth	0006_require_contenttypes_0002	2023-10-15 15:53:51.759228+03
12	auth	0007_alter_validators_add_error_messages	2023-10-15 15:53:51.783223+03
13	auth	0008_alter_user_username_max_length	2023-10-15 15:53:51.808297+03
14	auth	0009_alter_user_last_name_max_length	2023-10-15 15:53:51.822951+03
15	auth	0010_alter_group_name_max_length	2023-10-15 15:53:51.841191+03
16	auth	0011_update_proxy_permissions	2023-10-15 15:53:51.851553+03
17	auth	0012_alter_user_first_name_max_length	2023-10-15 15:53:51.871405+03
18	review	0001_initial	2023-10-15 15:53:51.911595+03
19	sessions	0001_initial	2023-10-15 15:53:51.922623+03
\.


--
-- Data for Name: django_session; Type: TABLE DATA; Schema: public; Owner: kirill
--

COPY public.django_session (session_key, session_data, expire_date) FROM stdin;
ykh913ym2soau0tphdm5h84k8gs5zh4l	.eJxVjEEOwiAQRe_C2hBJBxhcuvcMZIYBqRqalHbVeHdt0oVu_3vvbyrSutS49jzHUdRFGXX63ZjSM7cdyIPafdJpass8st4VfdCub5Pk1_Vw_w4q9fqtnS_WBcPsCM45SMCQxDixmQgLQMlcfEJiO1j0gRiDI8feI1gYBNT7A_euODI:1qs0hB:ccsL61Tg0KUaE7sEjOx2VkYLWqxleEeJ0OIotthT2nk	2023-10-29 15:58:13.788361+03
\.


--
-- Data for Name: review_car; Type: TABLE DATA; Schema: public; Owner: kirill
--

COPY public.review_car (id, name, start_year, end_year, manufacturer_id) FROM stdin;
1	Lada2105	1985	1995	1
2	Lada2107	1995	2005	1
\.


--
-- Data for Name: review_comment; Type: TABLE DATA; Schema: public; Owner: kirill
--

COPY public.review_comment (id, email, creation_date, comment, car_id) FROM stdin;
1	hi@gmail.com	2023-10-15 16:00:02.356938+03	good car	1
2	riri@gmail.com	2023-10-15 16:00:43.251499+03	perfect lada	1
3	yit@gmail.com	2023-10-15 16:01:23.96733+03	the great car	2
\.


--
-- Data for Name: review_country; Type: TABLE DATA; Schema: public; Owner: kirill
--

COPY public.review_country (id, name) FROM stdin;
1	Russia
\.


--
-- Data for Name: review_manufacturer; Type: TABLE DATA; Schema: public; Owner: kirill
--

COPY public.review_manufacturer (id, name, country_id) FROM stdin;
1	Vaz	1
\.


--
-- Name: auth_group_id_seq; Type: SEQUENCE SET; Schema: public; Owner: kirill
--

SELECT pg_catalog.setval('public.auth_group_id_seq', 1, false);


--
-- Name: auth_group_permissions_id_seq; Type: SEQUENCE SET; Schema: public; Owner: kirill
--

SELECT pg_catalog.setval('public.auth_group_permissions_id_seq', 1, false);


--
-- Name: auth_permission_id_seq; Type: SEQUENCE SET; Schema: public; Owner: kirill
--

SELECT pg_catalog.setval('public.auth_permission_id_seq', 40, true);


--
-- Name: auth_user_groups_id_seq; Type: SEQUENCE SET; Schema: public; Owner: kirill
--

SELECT pg_catalog.setval('public.auth_user_groups_id_seq', 1, false);


--
-- Name: auth_user_id_seq; Type: SEQUENCE SET; Schema: public; Owner: kirill
--

SELECT pg_catalog.setval('public.auth_user_id_seq', 1, true);


--
-- Name: auth_user_user_permissions_id_seq; Type: SEQUENCE SET; Schema: public; Owner: kirill
--

SELECT pg_catalog.setval('public.auth_user_user_permissions_id_seq', 1, false);


--
-- Name: django_admin_log_id_seq; Type: SEQUENCE SET; Schema: public; Owner: kirill
--

SELECT pg_catalog.setval('public.django_admin_log_id_seq', 7, true);


--
-- Name: django_content_type_id_seq; Type: SEQUENCE SET; Schema: public; Owner: kirill
--

SELECT pg_catalog.setval('public.django_content_type_id_seq', 10, true);


--
-- Name: django_migrations_id_seq; Type: SEQUENCE SET; Schema: public; Owner: kirill
--

SELECT pg_catalog.setval('public.django_migrations_id_seq', 19, true);


--
-- Name: review_car_id_seq; Type: SEQUENCE SET; Schema: public; Owner: kirill
--

SELECT pg_catalog.setval('public.review_car_id_seq', 2, true);


--
-- Name: review_comment_id_seq; Type: SEQUENCE SET; Schema: public; Owner: kirill
--

SELECT pg_catalog.setval('public.review_comment_id_seq', 3, true);


--
-- Name: review_country_id_seq; Type: SEQUENCE SET; Schema: public; Owner: kirill
--

SELECT pg_catalog.setval('public.review_country_id_seq', 1, true);


--
-- Name: review_manufacturer_id_seq; Type: SEQUENCE SET; Schema: public; Owner: kirill
--

SELECT pg_catalog.setval('public.review_manufacturer_id_seq', 1, true);


--
-- Name: auth_group auth_group_name_key; Type: CONSTRAINT; Schema: public; Owner: kirill
--

ALTER TABLE ONLY public.auth_group
    ADD CONSTRAINT auth_group_name_key UNIQUE (name);


--
-- Name: auth_group_permissions auth_group_permissions_group_id_permission_id_0cd325b0_uniq; Type: CONSTRAINT; Schema: public; Owner: kirill
--

ALTER TABLE ONLY public.auth_group_permissions
    ADD CONSTRAINT auth_group_permissions_group_id_permission_id_0cd325b0_uniq UNIQUE (group_id, permission_id);


--
-- Name: auth_group_permissions auth_group_permissions_pkey; Type: CONSTRAINT; Schema: public; Owner: kirill
--

ALTER TABLE ONLY public.auth_group_permissions
    ADD CONSTRAINT auth_group_permissions_pkey PRIMARY KEY (id);


--
-- Name: auth_group auth_group_pkey; Type: CONSTRAINT; Schema: public; Owner: kirill
--

ALTER TABLE ONLY public.auth_group
    ADD CONSTRAINT auth_group_pkey PRIMARY KEY (id);


--
-- Name: auth_permission auth_permission_content_type_id_codename_01ab375a_uniq; Type: CONSTRAINT; Schema: public; Owner: kirill
--

ALTER TABLE ONLY public.auth_permission
    ADD CONSTRAINT auth_permission_content_type_id_codename_01ab375a_uniq UNIQUE (content_type_id, codename);


--
-- Name: auth_permission auth_permission_pkey; Type: CONSTRAINT; Schema: public; Owner: kirill
--

ALTER TABLE ONLY public.auth_permission
    ADD CONSTRAINT auth_permission_pkey PRIMARY KEY (id);


--
-- Name: auth_user_groups auth_user_groups_pkey; Type: CONSTRAINT; Schema: public; Owner: kirill
--

ALTER TABLE ONLY public.auth_user_groups
    ADD CONSTRAINT auth_user_groups_pkey PRIMARY KEY (id);


--
-- Name: auth_user_groups auth_user_groups_user_id_group_id_94350c0c_uniq; Type: CONSTRAINT; Schema: public; Owner: kirill
--

ALTER TABLE ONLY public.auth_user_groups
    ADD CONSTRAINT auth_user_groups_user_id_group_id_94350c0c_uniq UNIQUE (user_id, group_id);


--
-- Name: auth_user auth_user_pkey; Type: CONSTRAINT; Schema: public; Owner: kirill
--

ALTER TABLE ONLY public.auth_user
    ADD CONSTRAINT auth_user_pkey PRIMARY KEY (id);


--
-- Name: auth_user_user_permissions auth_user_user_permissions_pkey; Type: CONSTRAINT; Schema: public; Owner: kirill
--

ALTER TABLE ONLY public.auth_user_user_permissions
    ADD CONSTRAINT auth_user_user_permissions_pkey PRIMARY KEY (id);


--
-- Name: auth_user_user_permissions auth_user_user_permissions_user_id_permission_id_14a6b632_uniq; Type: CONSTRAINT; Schema: public; Owner: kirill
--

ALTER TABLE ONLY public.auth_user_user_permissions
    ADD CONSTRAINT auth_user_user_permissions_user_id_permission_id_14a6b632_uniq UNIQUE (user_id, permission_id);


--
-- Name: auth_user auth_user_username_key; Type: CONSTRAINT; Schema: public; Owner: kirill
--

ALTER TABLE ONLY public.auth_user
    ADD CONSTRAINT auth_user_username_key UNIQUE (username);


--
-- Name: django_admin_log django_admin_log_pkey; Type: CONSTRAINT; Schema: public; Owner: kirill
--

ALTER TABLE ONLY public.django_admin_log
    ADD CONSTRAINT django_admin_log_pkey PRIMARY KEY (id);


--
-- Name: django_content_type django_content_type_app_label_model_76bd3d3b_uniq; Type: CONSTRAINT; Schema: public; Owner: kirill
--

ALTER TABLE ONLY public.django_content_type
    ADD CONSTRAINT django_content_type_app_label_model_76bd3d3b_uniq UNIQUE (app_label, model);


--
-- Name: django_content_type django_content_type_pkey; Type: CONSTRAINT; Schema: public; Owner: kirill
--

ALTER TABLE ONLY public.django_content_type
    ADD CONSTRAINT django_content_type_pkey PRIMARY KEY (id);


--
-- Name: django_migrations django_migrations_pkey; Type: CONSTRAINT; Schema: public; Owner: kirill
--

ALTER TABLE ONLY public.django_migrations
    ADD CONSTRAINT django_migrations_pkey PRIMARY KEY (id);


--
-- Name: django_session django_session_pkey; Type: CONSTRAINT; Schema: public; Owner: kirill
--

ALTER TABLE ONLY public.django_session
    ADD CONSTRAINT django_session_pkey PRIMARY KEY (session_key);


--
-- Name: review_car review_car_pkey; Type: CONSTRAINT; Schema: public; Owner: kirill
--

ALTER TABLE ONLY public.review_car
    ADD CONSTRAINT review_car_pkey PRIMARY KEY (id);


--
-- Name: review_comment review_comment_email_key; Type: CONSTRAINT; Schema: public; Owner: kirill
--

ALTER TABLE ONLY public.review_comment
    ADD CONSTRAINT review_comment_email_key UNIQUE (email);


--
-- Name: review_comment review_comment_pkey; Type: CONSTRAINT; Schema: public; Owner: kirill
--

ALTER TABLE ONLY public.review_comment
    ADD CONSTRAINT review_comment_pkey PRIMARY KEY (id);


--
-- Name: review_country review_country_pkey; Type: CONSTRAINT; Schema: public; Owner: kirill
--

ALTER TABLE ONLY public.review_country
    ADD CONSTRAINT review_country_pkey PRIMARY KEY (id);


--
-- Name: review_manufacturer review_manufacturer_pkey; Type: CONSTRAINT; Schema: public; Owner: kirill
--

ALTER TABLE ONLY public.review_manufacturer
    ADD CONSTRAINT review_manufacturer_pkey PRIMARY KEY (id);


--
-- Name: auth_group_name_a6ea08ec_like; Type: INDEX; Schema: public; Owner: kirill
--

CREATE INDEX auth_group_name_a6ea08ec_like ON public.auth_group USING btree (name varchar_pattern_ops);


--
-- Name: auth_group_permissions_group_id_b120cbf9; Type: INDEX; Schema: public; Owner: kirill
--

CREATE INDEX auth_group_permissions_group_id_b120cbf9 ON public.auth_group_permissions USING btree (group_id);


--
-- Name: auth_group_permissions_permission_id_84c5c92e; Type: INDEX; Schema: public; Owner: kirill
--

CREATE INDEX auth_group_permissions_permission_id_84c5c92e ON public.auth_group_permissions USING btree (permission_id);


--
-- Name: auth_permission_content_type_id_2f476e4b; Type: INDEX; Schema: public; Owner: kirill
--

CREATE INDEX auth_permission_content_type_id_2f476e4b ON public.auth_permission USING btree (content_type_id);


--
-- Name: auth_user_groups_group_id_97559544; Type: INDEX; Schema: public; Owner: kirill
--

CREATE INDEX auth_user_groups_group_id_97559544 ON public.auth_user_groups USING btree (group_id);


--
-- Name: auth_user_groups_user_id_6a12ed8b; Type: INDEX; Schema: public; Owner: kirill
--

CREATE INDEX auth_user_groups_user_id_6a12ed8b ON public.auth_user_groups USING btree (user_id);


--
-- Name: auth_user_user_permissions_permission_id_1fbb5f2c; Type: INDEX; Schema: public; Owner: kirill
--

CREATE INDEX auth_user_user_permissions_permission_id_1fbb5f2c ON public.auth_user_user_permissions USING btree (permission_id);


--
-- Name: auth_user_user_permissions_user_id_a95ead1b; Type: INDEX; Schema: public; Owner: kirill
--

CREATE INDEX auth_user_user_permissions_user_id_a95ead1b ON public.auth_user_user_permissions USING btree (user_id);


--
-- Name: auth_user_username_6821ab7c_like; Type: INDEX; Schema: public; Owner: kirill
--

CREATE INDEX auth_user_username_6821ab7c_like ON public.auth_user USING btree (username varchar_pattern_ops);


--
-- Name: django_admin_log_content_type_id_c4bce8eb; Type: INDEX; Schema: public; Owner: kirill
--

CREATE INDEX django_admin_log_content_type_id_c4bce8eb ON public.django_admin_log USING btree (content_type_id);


--
-- Name: django_admin_log_user_id_c564eba6; Type: INDEX; Schema: public; Owner: kirill
--

CREATE INDEX django_admin_log_user_id_c564eba6 ON public.django_admin_log USING btree (user_id);


--
-- Name: django_session_expire_date_a5c62663; Type: INDEX; Schema: public; Owner: kirill
--

CREATE INDEX django_session_expire_date_a5c62663 ON public.django_session USING btree (expire_date);


--
-- Name: django_session_session_key_c0390e0f_like; Type: INDEX; Schema: public; Owner: kirill
--

CREATE INDEX django_session_session_key_c0390e0f_like ON public.django_session USING btree (session_key varchar_pattern_ops);


--
-- Name: review_car_manufacturer_id_e4c2ee74; Type: INDEX; Schema: public; Owner: kirill
--

CREATE INDEX review_car_manufacturer_id_e4c2ee74 ON public.review_car USING btree (manufacturer_id);


--
-- Name: review_comment_car_id_f0b71e29; Type: INDEX; Schema: public; Owner: kirill
--

CREATE INDEX review_comment_car_id_f0b71e29 ON public.review_comment USING btree (car_id);


--
-- Name: review_comment_creation_date_80ea8925; Type: INDEX; Schema: public; Owner: kirill
--

CREATE INDEX review_comment_creation_date_80ea8925 ON public.review_comment USING btree (creation_date);


--
-- Name: review_comment_email_e5b0d8c5_like; Type: INDEX; Schema: public; Owner: kirill
--

CREATE INDEX review_comment_email_e5b0d8c5_like ON public.review_comment USING btree (email varchar_pattern_ops);


--
-- Name: review_manufacturer_country_id_9340d85c; Type: INDEX; Schema: public; Owner: kirill
--

CREATE INDEX review_manufacturer_country_id_9340d85c ON public.review_manufacturer USING btree (country_id);


--
-- Name: auth_group_permissions auth_group_permissio_permission_id_84c5c92e_fk_auth_perm; Type: FK CONSTRAINT; Schema: public; Owner: kirill
--

ALTER TABLE ONLY public.auth_group_permissions
    ADD CONSTRAINT auth_group_permissio_permission_id_84c5c92e_fk_auth_perm FOREIGN KEY (permission_id) REFERENCES public.auth_permission(id) DEFERRABLE INITIALLY DEFERRED;


--
-- Name: auth_group_permissions auth_group_permissions_group_id_b120cbf9_fk_auth_group_id; Type: FK CONSTRAINT; Schema: public; Owner: kirill
--

ALTER TABLE ONLY public.auth_group_permissions
    ADD CONSTRAINT auth_group_permissions_group_id_b120cbf9_fk_auth_group_id FOREIGN KEY (group_id) REFERENCES public.auth_group(id) DEFERRABLE INITIALLY DEFERRED;


--
-- Name: auth_permission auth_permission_content_type_id_2f476e4b_fk_django_co; Type: FK CONSTRAINT; Schema: public; Owner: kirill
--

ALTER TABLE ONLY public.auth_permission
    ADD CONSTRAINT auth_permission_content_type_id_2f476e4b_fk_django_co FOREIGN KEY (content_type_id) REFERENCES public.django_content_type(id) DEFERRABLE INITIALLY DEFERRED;


--
-- Name: auth_user_groups auth_user_groups_group_id_97559544_fk_auth_group_id; Type: FK CONSTRAINT; Schema: public; Owner: kirill
--

ALTER TABLE ONLY public.auth_user_groups
    ADD CONSTRAINT auth_user_groups_group_id_97559544_fk_auth_group_id FOREIGN KEY (group_id) REFERENCES public.auth_group(id) DEFERRABLE INITIALLY DEFERRED;


--
-- Name: auth_user_groups auth_user_groups_user_id_6a12ed8b_fk_auth_user_id; Type: FK CONSTRAINT; Schema: public; Owner: kirill
--

ALTER TABLE ONLY public.auth_user_groups
    ADD CONSTRAINT auth_user_groups_user_id_6a12ed8b_fk_auth_user_id FOREIGN KEY (user_id) REFERENCES public.auth_user(id) DEFERRABLE INITIALLY DEFERRED;


--
-- Name: auth_user_user_permissions auth_user_user_permi_permission_id_1fbb5f2c_fk_auth_perm; Type: FK CONSTRAINT; Schema: public; Owner: kirill
--

ALTER TABLE ONLY public.auth_user_user_permissions
    ADD CONSTRAINT auth_user_user_permi_permission_id_1fbb5f2c_fk_auth_perm FOREIGN KEY (permission_id) REFERENCES public.auth_permission(id) DEFERRABLE INITIALLY DEFERRED;


--
-- Name: auth_user_user_permissions auth_user_user_permissions_user_id_a95ead1b_fk_auth_user_id; Type: FK CONSTRAINT; Schema: public; Owner: kirill
--

ALTER TABLE ONLY public.auth_user_user_permissions
    ADD CONSTRAINT auth_user_user_permissions_user_id_a95ead1b_fk_auth_user_id FOREIGN KEY (user_id) REFERENCES public.auth_user(id) DEFERRABLE INITIALLY DEFERRED;


--
-- Name: django_admin_log django_admin_log_content_type_id_c4bce8eb_fk_django_co; Type: FK CONSTRAINT; Schema: public; Owner: kirill
--

ALTER TABLE ONLY public.django_admin_log
    ADD CONSTRAINT django_admin_log_content_type_id_c4bce8eb_fk_django_co FOREIGN KEY (content_type_id) REFERENCES public.django_content_type(id) DEFERRABLE INITIALLY DEFERRED;


--
-- Name: django_admin_log django_admin_log_user_id_c564eba6_fk_auth_user_id; Type: FK CONSTRAINT; Schema: public; Owner: kirill
--

ALTER TABLE ONLY public.django_admin_log
    ADD CONSTRAINT django_admin_log_user_id_c564eba6_fk_auth_user_id FOREIGN KEY (user_id) REFERENCES public.auth_user(id) DEFERRABLE INITIALLY DEFERRED;


--
-- Name: review_car review_car_manufacturer_id_e4c2ee74_fk_review_manufacturer_id; Type: FK CONSTRAINT; Schema: public; Owner: kirill
--

ALTER TABLE ONLY public.review_car
    ADD CONSTRAINT review_car_manufacturer_id_e4c2ee74_fk_review_manufacturer_id FOREIGN KEY (manufacturer_id) REFERENCES public.review_manufacturer(id) DEFERRABLE INITIALLY DEFERRED;


--
-- Name: review_comment review_comment_car_id_f0b71e29_fk_review_car_id; Type: FK CONSTRAINT; Schema: public; Owner: kirill
--

ALTER TABLE ONLY public.review_comment
    ADD CONSTRAINT review_comment_car_id_f0b71e29_fk_review_car_id FOREIGN KEY (car_id) REFERENCES public.review_car(id) DEFERRABLE INITIALLY DEFERRED;


--
-- Name: review_manufacturer review_manufacturer_country_id_9340d85c_fk_review_country_id; Type: FK CONSTRAINT; Schema: public; Owner: kirill
--

ALTER TABLE ONLY public.review_manufacturer
    ADD CONSTRAINT review_manufacturer_country_id_9340d85c_fk_review_country_id FOREIGN KEY (country_id) REFERENCES public.review_country(id) DEFERRABLE INITIALLY DEFERRED;


--
-- PostgreSQL database dump complete
--

